{
	"emitterDataVersion":6,
	"emitter":{
		"maxParticleCount":80,
		"lifetime":[0.48177084,0.013020843,0.5260417,0.9635417,0.5,1.2],
		"lifetimeJitter":0.25,
		"mass":1,
		"spawnPointOffset":{},
		"gravity":[0.9739584,0.0052083433,0.6588542,0.97916675,[0,0,-10],[0,0,-8.5]],
		"components":[
			{
				"__class":"SpawnPlanar",
				"spawnMinSize":[0.46614584,0.059895843,0.5416667,1.0026042,0.7,0.8],
				"spawnMaxSize":1.5,
				"maxAngle":360,
				"minSpeedXY":2,
				"maxSpeedXY":4,
				"minSpeedZ":[0.41145834,-0.0026041567,0.2994792,1.0104167,-1.75,-1.5],
				"maxSpeedZ":[0.39583334,-0.010416657,0.4791667,0.99479175,-2.5,-2],
				"randomAngle":true
			},
			{"__class":"SpawnBurst","bursts":[{"c":20}]},
			{"__class":"Deceleration","deceleration":[0.39583334,0.10677084,0.6041667,0.9791667,[-5,-5,-5],[-6,-6,-6]]}
		]
	},
	"render":{
		"globalScale":0.1,
		"scale":[0,0.5677084,0.12760419,0.9947917,0.05,0.2],
		"scaleJitter":0.05,
		"color":[0.5286459,0.013020843,0.5260417,1.0104167,[1,0.85467124,0.7254902],[0.60784316,0.4437886,0.1787774]],
		"alpha":[0.40364584,-0.018229157,0.4322917,1.0026042,0,1],
		"gradient":[{"a":1},{"offset":1,"r":1,"g":1,"b":1,"a":1}],
		"angle":360,
		"angleJitter":360,
		"rotationSpeed":30,
		"rotationSpeedJitter":-10,
		"alphaFadeout":0.5,
		"trailDuration":1,
		"trailWidth":1,
		"blendMode":2
	},
	"movieclip":["sc/vfx_autochess/vmc_ra_t2_battlemachine_001_iron_pjt_smoke_01 | 49e9c85e-9b2a-47d8-b772-241c9089d316","sc/vfx_autochess/vmc_ra_t2_battlemachine_001_iron_pjt_smoke_02 | 49e9c85e-5c42-46a0-8770-0c01e2c428f0"]
}