{
	"emitterDataVersion":6,
	"emitter":{
		"maxParticleCount":10,
		"lifetime":0.6,
		"mass":1,
		"spawnPointOffset":{},
		"followEmitter":true,
		"components":[
			{"__class":"SpawnBurst","bursts":[{"c":1}]}
		]
	},
	"render":{
		"globalScale":0.1,
		"scale":[0.25520834,0.39583337,0.6041667,0.7213542,1,1.5],
		"scaleJitter":0.3,
		"color":[0.20052084,0.6770834,0.5104167,0.8932292,[1,0.52941173,0],[1,0.7941177,0]],
		"alpha":[0.45052084,0.028645873,0.6119792,0.9947917,0.2,0],
		"gradient":[{"a":1},{"offset":1,"r":1,"g":1,"b":1,"a":1}],
		"trailDuration":1,
		"trailWidth":1,
		"blendMode":2
	},
	"movieclip":["sc/vfx_autochess/vmc_gen_circle_blur_01 | 49e9c85e-d237-40db-850f-c13c333ede82"]
}