{
	"emitterDataVersion":6,
	"emitter":{
		"maxParticleCount":10,
		"lifetime":[0.47395837,0.044270843,0.5885417,0.8619792,0.3,0.5],
		"lifetimeJitter":0.2,
		"mass":2,
		"spawnPointOffset":{},
		"components":[
			{"__class":"SpawnRate","duration":0.1,"spawnRate":20},
			{"__class":"Deceleration","deceleration":[0.75,0.75,0.75]},
			{"__class":"SpawnPlanar","spawnMaxSize":0.2,"maxAngle":360,"maxSpeedXY":0.25,"randomAngle":true}
		]
	},
	"render":{
		"globalScale":0.1,
		"scale":[0.33333334,0.33333334,0.6666667,0.6666667,0.01,0.02],
		"scaleJitter":0.005,
		"color":[0.8177084,0.013020843,0.5572917,0.97135425,[0.13994616,0.62667084,0.89215684],[0,0.038062245,0.32352942]],
		"alpha":1,
		"gradient":[{"a":1},{"offset":1,"r":1,"g":1,"b":1,"a":1}],
		"angleJitter":360,
		"rotationSpeedJitter":30,
		"alphaFadeout":0.5,
		"trailDuration":1,
		"trailWidth":1,
		"blendMode":2
	},
	"movieclip":["sc/vfx_autochess/vmc_icewizard_def_super_smoke_02 | 49e9c85e-ec52-4c74-945f-760131469d38"]
}