{
	"emitterDataVersion":6,
	"emitter":{
		"maxParticleCount":50,
		"lifetime":[0.47395837,0.044270843,0.5885417,0.8619792,0.75,1.12],
		"lifetimeJitter":0.2,
		"mass":2,
		"spawnPointOffset":{},
		"components":[
			{"__class":"SpawnRate","duration":0.75,"spawnRate":40},
			{"__class":"Deceleration","deceleration":[0.48177087,0.028645843,0.22135419,0.99479175,[0,0,0],[0.75,0.75,0.75]]},
			{"__class":"SpawnCone","direction":[0,-20,1],"directionJitterAngle":100,"velocity":0.8}
		]
	},
	"render":{
		"globalScale":0.1,
		"scale":0.0125,
		"scaleJitter":0.0065,
		"color":[0.6067709,-0.0026041567,0.5416667,0.99479175,[0.24509805,0.80017316,1],[0,0.036332216,0.20588237]],
		"alpha":[0.28125,0.013020843,0.057291687,0.99479175,0,1],
		"gradient":[{"a":1},{"offset":1,"r":1,"g":1,"b":1,"a":1}],
		"angleJitter":360,
		"rotationSpeed":30,
		"rotationSpeedJitter":30,
		"alphaFadeout":0.5,
		"trailDuration":1,
		"trailWidth":1,
		"blendMode":2
	},
	"movieclip":["sc/vfx_autochess/vmc_icewizard_def_super_smoke_02 | 49e9c85e-ec52-4c74-945f-760131469d38"]
}