{
	"emitterDataVersion":6,
	"emitter":{
		"maxParticleCount":5,
		"lifetime":1,
		"mass":1,
		"spawnPointOffset":{},
		"followEmitter":true,
		"components":[{"__class":"SpawnRate","infinite":true,"duration":5,"spawnRate":3}]
	},
	"render":{
		"globalScale":0.01,
		"scale":[0.06770834,0.7395834,0.4088542,0.9166667,0.25,0.3],
		"scaleJitter":0.1,
		"color":[0.49739584,0.07552084,0.8229167,0.4557292,[1,1,1],[0.75862074,0,1]],
		"alpha":[0.036458343,0.7708334,0.12760419,0.9479167,0,0.4],
		"gradient":[{"a":1},{"offset":1,"r":1,"g":1,"b":1,"a":1}],
		"angleJitter":360,
		"alphaFadeout":0.3,
		"trailDuration":1,
		"trailWidth":1,
		"blendMode":2
	},
	"movieclip":["sc/vfx_autochess/vmc_rs_t2_001_empress_lunar_01_loop_flare | 49e9c85e-b6b9-4eb5-8e64-78105a996569"]
}